USE bEJibun

INSERT INTO MsVendor VALUES 
('VE001', 'Red', '081255586121', '577 Wortel Street', 'red_vendor@yahoo.com'),
('VE002', 'Blue', '087855593922', '788 Timun Street', 'blue_vendor@hotmail.com'),
('VE003', 'Orange', '085655513723', '123 Food Street', 'orange_vendor@gmail.com'),
('VE004', 'Yellow', '085955559224', '51 Food Street', 'yellow_vendor@yahoo.com'),
('VE005', 'Black', '089755581125', '99 Brokoli Street', 'black_vendor@outlook.com'),
('VE006', 'Green', '089855590926', '12 Tomat Street', 'green_vendor@gmail.com'),
('VE007', 'Pink', '087855545327', '77 Food Street', 'pink_vendor@hotmail.com'),
('VE008', 'White', '081955516228', '20 Brokoli Street', 'white_vendor@gmail.com'),
('VE009', 'Violet', '081655579929', '19 Food Street', 'violet_vendor@gmail.com'),
('VE010', 'Orchid', '085255571430', '27 Bawang Street', 'orchid_vendor@outlook.com'),
('VE011', 'Azure', '085355552831', '56 Timun Street', 'azure_vendor@yahoo.com'),
('VE012', 'Mint', '081655560032', '16 Food Street', 'mint_vendor@yahoo.com'),
('VE013', 'Mocca', '083855526633', '25 Sawi Street', 'mocca_vendor@gmail.com'),
('VE014', 'Maroon', '085455538334', '68 Brokoli Street', 'maroon_vendor@outlook.com'),
('VE015', 'Gray', '087855527135', '89 Pakcoy Street', 'gray_vendor@hotmail.com')

INSERT INTO MsStaff VALUES 
('ST001', 'Doris Acacia', 'Female', '+6283855554901', 7500000),
('ST002', 'Kelli Karlee', 'Female', '+6289955511202', 7500000),
('ST003', 'Winston Charla', 'Male', '+6281555555003', 8500000),
('ST004', 'Thane Cheryl', 'Female', '+6281455534404', 10000000),
('ST005', 'Albin Legend', 'Male', '+6289655596305', 9500000),
('ST006', 'Delia Belinda', 'Female', '+6289655559106', 5500000),
('ST007', 'Lucille Corynn', 'Male', '+6287855534607', 8500000),
('ST008', 'Kane Maris', 'Male', '+6289955581008', 8000000),
('ST009', 'Denzel Lorna', 'Male', '+6289755591709', 6000000),
('ST010', 'Aryana Gaz', 'Male', '+6281355562110', 6500000),
('ST011', 'Lorn Alesha', 'Male', '+6285855561511', 9500000),
('ST012', 'Nia Harold', 'Female', '+6287855582412', 8500000),
('ST013', 'Eliot Karina', 'Male', '+6289855526913', 7000000),
('ST014', 'Zachery Grayson', 'Male', '+6287855579614', 7500000),
('ST015', 'Mollie Zakaria', 'Female', '+6281755582615', 15500000)

INSERT INTO MsItemType VALUES 
('IP001', 'Kitchen Set'),
('IP002', 'Food'),
('IP003', 'Drink'),
('IP004', 'Gadgets'),
('IP005', 'Electronic'),
('IP006', 'Sports and Outdoor'),
('IP007', 'Lamp'),
('IP008', 'Cleaning Supplies'),
('IP009', 'Furniture'),
('IP010', 'Accessory'),
('IP011', 'Fashion'),
('IP012', 'Beauty'),
('IP013', 'Optical'),
('IP014', 'Painting'),
('IP015', 'Musical Instrument')

INSERT INTO MsItem VALUES 
('IT001', 'IP015', 'Piano', 900000, 1),
('IT002', 'IP015', 'Violin', 18000000, 1),
('IT003', 'IP005', 'Refrigerator', 22500000, 1),
('IT004', 'IP012', 'Lip Tint', 300000, 1),
('IT005', 'IP012', 'Moisturizer', 600000, 1),
('IT006', 'IP005', 'Oven', 20000000, 1),
('IT007', 'IP010', 'Kalung', 150000, 1),
('IT008', 'IP004', 'iPhone', 5000000, 1),
('IT009', 'IP011', 'Dress', 700000, 1),
('IT010', 'IP004', 'Tablet', 3000000, 1),
('IT011', 'IP002', 'Lays', 10000, 1),
('IT012', 'IP005', 'Speaker', 900000, 1),
('IT013', 'IP003', 'Fanta', 6000, 1),
('IT014', 'IP001', 'Cutting Board', 15000, 1),
('IT015', 'IP003', 'Coca Cola', 6000, 1)

INSERT INTO MsCustomer VALUES 
('CU001', 'Guy Dallas', 'Male', '+6287855534531', '1990-01-01'),
('CU002', 'Ruslan Cyrus', 'Male', '+6283855572932', '2002-05-04'),
('CU003', 'Randi Biddy', 'Male', '+6285355558833', '2002-11-20'),
('CU004', 'Katy Danette', 'Female', '+6283855541534', '2005-11-03'),
('CU005', 'Rosalind Bevis', 'Female', '+6287855583135', '2003-08-04'),
('CU006', 'Polly Kaycee', 'Female', '+6287855595236', '1996-05-19'),
('CU007', 'Burt Avonlea', 'Male', '+6289955572437', '1999-05-30'),
('CU008', 'Rayner Paulina', 'Male', '+6287855596538', '1992-07-22'),
('CU009', 'Unique Merilyn', 'Male', '+6283855556639', '1994-04-11'),
('CU010', 'Stephany Roseanne', 'Female', '+6289955511840', '1994-06-08'),
('CU011', 'Vinal Kae', 'Male', '+6285455507641', '1993-03-05'),
('CU012', 'Doria Aubrie', 'Female', '+6287855536542', '1994-12-29'),
('CU013', 'Rodney Danita', 'Male', '+6285355598743', '1998-12-31'),
('CU014', 'Chanelle Jaclyn', 'Male', '+6289655588444', '2000-09-21'),
('CU015', 'Deemer Benedict', 'Male', '+6289655500745', '2001-12-15')

INSERT INTO PurchaseTransactionHeader VALUES 
('PH001', 'ST001', 'VE001', '2018-10-15', '2018-10-20'),
('PH002', 'ST002', 'VE001', '2018-11-08', '2018-11-13'),
('PH003', 'ST003', 'VE001', '2018-12-24', '2018-12-29'),
('PH004', 'ST004', 'VE002', '2019-01-13', '2019-01-18'),
('PH005', 'ST005', 'VE002', '2019-02-05', '2023-02-10'),
('PH006', 'ST006', 'VE002', '2019-02-19', '2023-02-24'),
('PH007', 'ST007', 'VE003', '2019-03-27', '2019-04-01'),
('PH008', 'ST008', 'VE003', '2019-04-15', '2019-04-18'),
('PH009', 'ST009', 'VE003', '2019-05-14', '2019-05-18'),
('PH010', 'ST010', 'VE004', '2019-06-16', '2019-06-19'),
('PH011', 'ST011', 'VE004', '2019-07-22', '2023-07-28'),
('PH012', 'ST012', 'VE004', '2019-08-17', '2019-08-22'),
('PH013', 'ST013', 'VE005', '2019-09-15', '2019-09-21'),
('PH014', 'ST014', 'VE005', '2019-10-25', '2019-10-30'),
('PH015', 'ST015', 'VE005', '2019-11-21', '2023-11-27'),
('PH016', 'ST011', 'VE006', '2019-12-20', '2019-12-28'),
('PH017', 'ST012', 'VE007', '2020-01-20', '2020-01-28'),
('PH018', 'ST013', 'VE008', '2020-02-01', '2020-01-07'),
('PH019', 'ST014', 'VE009', '2020-02-14', '2023-02-19'),
('PH020', 'ST015', 'VE010', '2020-02-22', '2020-02-29')

INSERT INTO PurchaseTransactionDetail VALUES 
('PH001', 'IT007', 500),
('PH002', 'IT008', 50),
('PH002', 'IT009', 50),
('PH003', 'IT010', 20),
('PH003', 'IT013', 70),
('PH003', 'IT014', 50),
('PH004', 'IT015', 50),
('PH005', 'IT011', 500),
('PH006', 'IT012', 50),
('PH006', 'IT013', 20),
('PH007', 'IT014', 30),
('PH008', 'IT015', 40),
('PH009', 'IT001', 10),
('PH009', 'IT003', 10),
('PH010', 'IT011', 400),
('PH011', 'IT006', 50),
('PH011', 'IT007', 20),
('PH012', 'IT008', 100),
('PH012', 'IT001', 10),
('PH013', 'IT011', 500),
('PH013', 'IT012', 200),
('PH014', 'IT013', 200),
('PH015', 'IT014', 300),
('PH015', 'IT002', 10),
('PH016', 'IT004', 400),
('PH017', 'IT005', 500),
('PH018', 'IT006', 100),
('PH019', 'IT011', 20),
('PH019', 'IT002', 10),
('PH020', 'IT012', 70)

INSERT INTO SalesTransactionHeader VALUES 
('SA001', 'ST001', 'CU014', '2018-11-13'),
('SA002', 'ST001', 'CU013', '2018-12-27'),
('SA003', 'ST001', 'CU012', '2019-01-07'),
('SA004', 'ST002', 'CU011', '2019-02-07'),
('SA005', 'ST002', 'CU006', '2019-02-11'),
('SA006', 'ST002', 'CU005', '2019-02-17'),
('SA007', 'ST003', 'CU004', '2019-02-26'),
('SA008', 'ST003', 'CU003', '2019-03-11'),
('SA009', 'ST004', 'CU002', '2019-03-22'),
('SA010', 'ST005', 'CU001', '2019-04-01'),
('SA011', 'ST006', 'CU010', '2019-05-01'),
('SA012', 'ST006', 'CU009', '2019-06-05'),
('SA013', 'ST006', 'CU008', '2019-07-05'),
('SA014', 'ST007', 'CU007', '2019-08-05'),
('SA015', 'ST008', 'CU006', '2019-09-05'),
('SA016', 'ST009', 'CU005', '2019-10-10'),
('SA017', 'ST010', 'CU004', '2019-11-10'),
('SA018', 'ST010', 'CU003', '2019-01-18'),
('SA019', 'ST011', 'CU002', '2020-02-19'),
('SA020', 'ST012', 'CU001', '2020-02-24')

INSERT INTO SalesTransactionDetail VALUES 
('SA001', 'IT004', 4),
('SA001', 'IT007', 5),
('SA002', 'IT008', 15),
('SA003', 'IT011', 2),
('SA003', 'IT012', 7),
('SA003', 'IT014', 5),
('SA004', 'IT015', 5),
('SA005', 'IT011', 5),
('SA005', 'IT012', 5),
('SA006', 'IT014', 3),
('SA007', 'IT015', 4),
('SA008', 'IT002', 1),
('SA009', 'IT001', 1),
('SA009', 'IT003', 30),
('SA009', 'IT011', 4),
('SA010', 'IT006', 5),
('SA010', 'IT007', 2),
('SA011', 'IT001', 1),
('SA012', 'IT002', 10),
('SA013', 'IT011', 5),
('SA013', 'IT013', 7),
('SA014', 'IT014', 3),
('SA015', 'IT005', 5),
('SA016', 'IT010', 2),
('SA016', 'IT006', 1),
('SA017', 'IT013', 8),
('SA018', 'IT012', 2),
('SA019', 'IT013', 7),
('SA020', 'IT009', 5),
('SA020', 'IT008', 1)